episode,episode_reward,episode_reward_color_hard,step
0.0,25.114700760784373,24.22212636454696,0
40.0,246.54632412667718,204.42235303048878,10000
