,episode,episode_reward,episode_reward_color_hard,step
0,0.0,3.0066080283051564,1.4554478109514477,0
1,80.0,518.5502422315142,586.0290999574337,10000
2,160.0,765.5138469282278,257.6101619119909,20000
3,240.0,849.3910982747385,139.75165351804657,30000
4,320.0,839.0009095789063,848.5813802976935,40000
5,400.0,845.1805314150422,517.240754356804,50000
