,episode,episode_reward,episode_reward_color_hard,step
0,0.0,25.114700760784373,24.222126364546956,0
1,40.0,71.49226094327585,75.33509352324612,10000
