,episode,episode_reward,episode_reward_color_hard,step
0,0.0,25.114700760784373,24.222126364546956,0
1,40.0,302.58844653911115,36.86788371292737,10000
2,80.0,345.75297473008175,40.712335606431054,20000
