,episode,episode_reward,episode_reward_color_hard,step
0,0.0,0.11809704762197348,0.13970833370130442,0
1,40.0,113.49897942014299,85.35542307263945,10000
