,episode_reward,episode,duration,step,critic_loss,critic_target_Q_variance_m=2,critic_Q1_variance_k=2,critic_Q2_variance_k=2,actor_loss,actor_mean_entropy,alpha_loss,alpha_value
0,0.0,1.0,7.235405206680298,500,,,,,,,,
1,4.0,2.0,1.2972073554992676,1000,,,,,,,,
2,0.0,3.0,434.79206562042236,1500,0.045369191116240534,0.2655725388262614,0.00014995569861627123,0.00014803664106333988,-0.959403649545174,2.548195002029379,0.3128362440223022,0.09406045434756079
3,12.0,4.0,138.99798345565796,2000,0.0650676023773849,0.6206333760023117,0.0004938107829511864,0.0004994736438093242,-1.6809773378372193,2.6002738609313965,0.2924244608879089,0.08743135843043809
4,0.0,5.0,139.8675835132599,2500,0.05493572226120159,0.760811546087265,0.0004565210831424338,0.0004572288107010536,-1.851960210800171,2.582108048439026,0.28421583223342894,0.08539224975540974
5,3.0,6.0,138.75497269630432,3000,0.061076018740888686,0.9121440254449844,0.00047617943411751187,0.0004722812063046149,-2.013965751171112,2.5892863988876345,0.2783085750341415,0.08341295149269519
6,4.0,7.0,138.48277354240417,3500,0.07025363697763533,1.0985625106096268,0.000834112611511955,0.0008317233660054626,-2.194736053466797,2.5963702993392945,0.270834854722023,0.0814908182029721
7,6.0,8.0,138.6392946243286,4000,0.06323304532747716,1.2411796355247497,0.0008722184786747676,0.000879007918498246,-2.324203884124756,2.5986272525787353,0.264554780960083,0.07962391689101596
