,episode,episode_reward,episode_reward_color_hard,step
0,0.0,25.114700760784373,24.222126364546956,0
1,40.0,301.2695680157715,119.897813777487,10000
2,80.0,424.3772350576631,40.751828440385914,20000
3,120.0,524.9571262146069,386.53017077585014,30000
4,160.0,614.0566949940118,565.9319968560814,40000
5,200.0,613.7566318272657,447.2198249657547,50000
