,episode,episode_reward,episode_reward_color_hard,step
0,0.0,25.114700760784373,24.222126364546956,0
1,40.0,59.66137542507196,69.17171272170025,10000
