,episode,episode_reward,episode_reward_color_hard,step
0,0.0,0.0,0.0,0
1,20.0,86.13333333333334,55.333333333333336,10000
